0,Hoboken,NJ,USA,40.745255,-74.034775
1,Port Hueneme,CA,USA,34.155834,-119.202789
2,Auburn,NY,USA,42.933334,-76.566666
3,Jamestown,NY,USA,42.095554,-79.238609
4,Fulton,MO,USA,38.846668,-91.948059
5,Bedford,OH,USA,41.392502,-81.534447
6,Stuart,FL,USA,27.192223,-80.243057
7,San Angelo,TX,USA,31.442778,-100.450279
8,Woodbridge,NJ,USA,40.560001,-74.290001
9,Vista,CA,USA,33.193611,-117.241112
10,South Bend,IN,USA,41.676388,-86.250275
11,Davenport,IA,USA,41.543056,-90.590836
12,Sparks,NV,USA,39.554443,-119.735558
13,Green Bay,WI,USA,44.513332,-88.015831
14,San Mateo,CA,USA,37.554169,-122.313057
15,Tyler,TX,USA,32.349998,-95.300003
16,League City,TX,USA,29.499722,-95.089722
17,Lewisville,TX,USA,33.038334,-97.006111
18,Meridian,ID,USA,43.614166,-116.398888
19,Waterbury,CT,USA,41.556110,-73.041389
20,Jurupa Valley,CA,USA,34.000000,-117.483330
21,West Palm Beach,FL,USA,26.709723,-80.064163
22,Antioch,CA,USA,38.005001,-121.805832
23,High Point,NC,USA,35.970554,-79.997498
24,Miami Gardens,FL,USA,25.942122,-80.269920
25,Murrieta,CA,USA,33.569443,-117.202499
26,Springfield,IL,USA,39.799999,-89.650002
27,El Monte,CA,USA,34.073334,-118.027496
28,West Jordan,UT,USA,40.606388,-111.976112
29,College Station,TX,USA,30.601389,-96.314445
30,Fairfield,CA,USA,38.257778,-122.054169
31,Evansville,IN,USA,37.977222,-87.550552
32,Cambridge,MA,USA,42.373611,-71.110558
33,Richardson,TX,USA,32.965557,-96.715836
34,Berkeley,CA,USA,37.871666,-122.272781
35,Columbia,MS,USA,38.951561,-92.328636
36,Athens,GA,USA,33.950001,-83.383331
37,Lafayette,LA,USA,30.216667,-92.033333
38,Sterling Heights,MI,USA,42.580276,-83.030281
39,Visalia,CA,USA,36.316666,-119.300003
40,Hampton,VA,USA,37.034946,-76.360123
41,West Valley City,UT,USA,40.689167,-111.993889
42,Surprise,AZ,USA,33.630554,-112.366669
43,Thornton,CO,USA,39.903057,-104.954445
44,Miramar,FL,USA,25.978889,-80.282501
45,Murfreesboro,TN,USA,35.846111,-86.391945
46,Pasadena,CA,USA,34.156113,-118.131943
47,Bridgeport,CT,USA,41.186390,-73.195557
48,Paterson,NJ,USA,40.914745,-74.162827
49,Rockford,Il,USA,42.259445,-89.064445
50,Joliet,IL,USA,41.520557,-88.150558
51,Escondido,CA,USA,33.124722,-117.080833
52,Kansas City,KS,USA,39.106667,-94.676392
53,Springfield,MA,USA,42.101391,-72.590279
54,Springfield,MO,USA,37.210388,-93.297256
55,Corona,CA,USA,33.866669,-117.566666
56,Pembroke Pines,FL,USA,26.012501,-80.313614
57,Elk Grove,CA,USA,38.438332,-121.381943
58,Oceanside,CA,USA,33.211666,-117.325836
59,Newport News,VA,USA,37.070831,-76.484444
60,Sioux Falls,SD,USA,43.536388,-96.731667
61,Vancouver,WA,USA,45.633331,-122.599998
62,Worcester,MA,USA,42.271389,-71.798889
63,Tallahassee,FL,USA,30.455000,-84.253334
64,Columbus,GA,USA,32.492222,-84.940277
65,Augusta,GA,USA,33.466667,-81.966667
66,Montgomery,AL,USA,32.361668,-86.279167
67,Aurora,IL,USA,41.763889,-88.290001
68,Amarillo,TX,USA,35.199165,-101.845276
69,Modesto,CA,USA,37.661388,-120.994446
70,Garland,TX,USA,32.907223,-96.635277
71,Irvine,CA,USA,33.669445,-117.823059
72,Aurora,CO,USA,39.710835,-104.812500
73,Arlington,TX,USA,32.705002,-97.122780
74,Kansas City,MO,USA,39.099724,-94.578331
75,Memphis,TN,USA,35.117500,-89.971107
76,Indianapolis,IN,USA,39.791000,-86.148003
77,Columbus,OH,USA,39.983334,-82.983330
78,Austin,TX,USA,30.266666,-97.733330
79,Dallas,TX,USA,32.779167,-96.808891
80,Redwood City,CA,USA,37.487846,-122.236115
81,Gastonia,NC,USA,35.255280,-81.180275
82,New Braunfels,TX,USA,29.700001,-98.116669
83,Palm Beach Gardens,FL,USA,26.838619,-80.129967
84,Forestville,CA,USA,38.473625,-122.889992
85,Houston,TX,USA,29.749907,-95.358421
86,Muncie,IN,USA,40.191891,-85.401695
87,Palm Springs,CA,USA,33.830517,-116.545601
88,Hot Springs,AR,USA,34.496212,-93.057220
89,Richmond,VA,USA,37.541290,-77.434769
90,Fayetteville,AR,USA,36.082157,-94.171852
91,Yuma,AZ,USA,32.698437,-114.650398
92,Peoria,AZ,USA,33.580944,-112.237068
93,Tempe,AZ,USA,33.427204,-111.939896
94,Diamond Bar,CA,USA,34.028622,-117.810333
95,Auburn,AL,USA,32.609856,-85.480782
96,Hoover,AL,USA,33.405746,-86.811546
97,Decatur,AL,USA,34.603817,-86.985039
98,Bloomington,MN,USA,44.840797,-93.298279
99,Utqiagvik,AK,USA,71.290558,-156.788605
100,Fargo,ND,USA,46.877186,-96.789803
101,Odessa,TX,USA,31.845682,-102.367645
102,Orangeburg,SC,USA,33.493317,-80.855415
103,McAllen,TX,USA,26.203407,-98.230011
104,Foster,RI,USA,41.853710,-71.758125
105,Mannford,OK,USA,36.133411,-96.354454
106,Springfield,OH,USA,39.925751,-83.806694
107,Pasadena,TX,USA,29.691063,-95.209099
108,Lake Worth,FL,USA,26.616756,-80.068451
109,Novi,MI,USA,42.480591,-83.475494
110,Rochester,MN,USA,44.016369,-92.475395
111,London,KY,USA,37.129986,-84.084122
112,Sturgis,SD,USA,44.409706,-103.509079
113,Mt Sterling,KY,USA,38.056469,-83.943253
114,Santa Clarita,CA,USA,34.391663,-118.542587
115,Overland Park,KS,USA,38.984764,-94.677658
116,St Cloud,MN,USA,45.560230,-94.172852
117,Sanford,FL,USA,28.807674,-81.274948
118,Juneau,AK,USA,58.305801,-134.433304
119,Albany,OR,USA,44.636513,-123.105927
120,Santee,CA,USA,32.838383,-116.973915
121,Bay Point,CA,USA,38.033878,-121.960709
122,Longmont,CO,USA,40.167206,-105.101929
123,Issaquah,WA,USA,47.530102,-122.032616
124,Akron,OH,USA,41.081757,-81.511452
125,Hammond,IN,USA,41.584660,-87.500160
126,Youngstown,OH,USA,41.102970,-80.647247
127,Hugo,MN,USA,45.159966,-92.993340
128,Yorba Linda,CA,USA,33.888504,-117.813255
129,Smiths Station,AL,USA,32.540138,-85.098549
130,Rapid City,SD,USA,44.080544,-103.231018
131,Hillsboro,OR,USA,45.522896,-122.989830
132,Elkhart,IN,USA,41.681992,-85.976669
133,Providence,RI,USA,41.825226,-71.418884
134,Rancho Cucamonga,CA,USA,34.110489,-117.594429
135,Orange,CA,USA,33.787914,-117.853104
136,Madison,WI,USA,43.073051,-89.401230
137,Yonkers,NY,USA,40.931210,-73.898750
138,Indio,CA,USA,33.720577,-116.215561
139,Jersey City,NJ,USA,40.719074,-74.050552
140,Bradenton,FL,USA,27.498928,-82.574821
141,South Burlington,VT,USA,44.466995,-73.170959
142,Long Beach,CA,USA,33.770050,-118.193741
143,Greenville,NC,USA,35.612659,-77.366356
144,Edison,NJ,USA,40.522964,-74.411674
145,Jonesboro,AR,USA,35.835575,-90.705025
146,Turrell,AR,USA,35.379807,-90.257874
147,Racine,WI,USA,42.722702,-87.784225
148,Las Cruces,NM,USA,32.346596,-106.787720
149,Alameda,CA,USA,37.765205,-122.241638
150,Walnut Creek,CA,USA,37.910076,-122.065186
151,Naples,FL,USA,26.177624,-81.806946
152,Temecula,CA,USA,33.487007,-117.143784
153,Eastlake,OH,USA,41.653934,-81.450394
154,Yakima,WA,USA,46.602070,-120.505898
155,Dunedin,FL,USA,28.018349,-82.764473
156,St Paul,MN,USA,44.949642,-93.093124
157,St Augustine,FL,USA,29.901243,-81.312431
158,Kent,WA,USA,47.380932,-122.234840
159,Dearborn Heights,MI,USA,42.336983,-83.273262
160,Chester,SC,USA,34.704929,-81.210251
161,Muskegon,MI,USA,43.224194,-86.235809
162,Hesperia,CA,USA,34.426388,-117.300880
163,Oakland,CA,USA,37.804363,-122.271111
164,Lancaster,CA,USA,34.686787,-118.154160
165,Homestead,FL,USA,25.468721,-80.477554
166,Norfolk,VA,USA,36.850769,-76.285873
167,Santa Cruz,CA,USA,36.974117,-122.030792
168,Daly City,CA,USA,37.687923,-122.470207
169,Newport,RI,USA,41.490578,-71.310196
170,Santa Barbara,CA,USA,34.420830,-119.698189
171,Cheektowaga,NY,USA,42.902615,-78.744576
172,Eldorado Springs,CO,USA,39.932117,-105.281639
173,Twin Falls,ID,USA,42.562786,-114.460503
174,Huntington,WV,USA,38.413651,-82.446732
175,Decatur,IL,USA,39.842468,-88.953148
176,Beverly Hills,CA,USA,34.073620,-118.400352
177,Danbury,CT,USA,41.394966,-73.454079
178,Des Moines,IA,USA,41.619549,-93.598022
179,New Haven,CT,USA,41.308273,-72.927887
180,Fairbanks,AK,USA,64.835365,-147.776749
181,Nampa,ID,USA,43.565468,-116.560822
182,New Iberia,LA,USA,30.005417,-91.818665
183,Wilkes-Barre,PA,USA,41.245708,-75.881241
184,Petersburg,VA,USA,37.227928,-77.401924
185,Grand Rapids,MI,USA,42.963795,-85.670006
186,Lexington,KY,USA,38.047989,-84.501640
187,Hamden,CT,USA,41.385826,-72.904243
188,Moscow,ID,USA,46.731705,-116.999939
189,Pine Bluff,AR,USA,34.224400,-92.019211
190,Bellevue,WA,USA,47.610378,-122.200676
191,Lynchburg,VA,USA,37.412762,-79.146042
192,Dover,DE,USA,39.161079,-75.525681
193,Tuba City,AZ,USA,36.136906,-111.240173
194,Medford,OR,USA,42.326515,-122.875595
195,Franklin,TN,USA,35.925064,-86.868889
196,Portland,OR,USA,45.523064,-122.676483
197,Philadelphia,PA,USA,39.952583,-75.165222
198,Miami,FL,USA,25.761681,-80.191788
199,Boston,MA,USA,42.361145,-71.057083
200,Phoenix,AZ,USA,33.448376,-112.074036
201,Erie,PA,USA,42.129223,-80.085060
202,Victorville,CA,USA,34.536217,-117.292763
203,Wilmington,DE,USA,39.739071,-75.539787
204,Fontana,CA,USA,34.092232,-117.435051
205,Jacksonville,FL,USA,30.332184,-81.655647
206,Soulsbyville,CA,USA,37.984646,-120.263802
207,Corvallis,OR,USA,44.564568,-123.262047
208,North Pole,AK,USA,64.751114,-147.349442
209,Des Plaines,IL,USA,42.033363,-87.883400
210,Richmond,CA,USA,37.935757,-122.347748
211,Grifton,NC,USA,35.372662,-77.437462
212,Redmond,WA,USA,47.673988,-122.121513
213,Oakland,CA,USA,37.725685,-122.156830
214,East Point,GA,USA,33.679554,-84.439369
215,Russellville,AL,USA,34.501942,-87.731789
216,Dothan,AL,USA,31.223812,-85.393356
217,Tampa,FL,USA,27.964157,-82.452606
218,Kenosha,WI,USA,42.588081,-87.822899
219,Springfield,OR,USA,44.046204,-123.023346
220,Revere,MA,USA,42.408428,-71.011993
221,New Haven,CT,USA,41.310726,-72.929916
222,Port Orange,FL,USA,29.138315,-80.995613
223,Manhattan,KS,USA,39.183609,-96.571671
224,Jeannette,PA,USA,40.328125,-79.615318
225,Baldwin Park,CA,USA,34.085285,-117.960899
226,El Centro,CA,USA,32.793877,-115.561516
227,Lakewood,CO,USA,39.710850,-105.081505
228,Fall River,MA,USA,41.696629,-71.149994
229,Mt Prospect,IL,USA,42.066418,-87.937294
230,Katy,TX,USA,29.785786,-95.824394
231,Cary,NC,USA,35.791538,-78.781120
232,Toms River,NJ,USA,39.954639,-74.198456
233,Portland,OR,USA,45.431767,-122.770454
234,Clarksville,TN,USA,36.531364,-87.353767
235,Kent,WA,USA,47.378010,-122.237381
236,North Las Vegas,NV,USA,36.201946,-115.120216
237,Walker,LA,USA,30.487968,-90.861488
238,Canton,OH,USA,40.798946,-81.378448
239,Macon,GA,USA,32.838131,-83.634705
240,Bartlett,TN,USA,35.204441,-89.873810
241,San Bernardino,CA,USA,34.115784,-117.302399
242,Lynn,MA,USA,42.466763,-70.949493
243,Evanston,IL,USA,42.045597,-87.688568
244,Poway,CA,USA,32.962730,-117.036240
245,Coffeyville,KS,USA,37.036064,-95.620537
246,Rio Linda,CA,USA,38.691013,-121.448563
247,Bellflower,CA,USA,33.882210,-118.117981
248,Westland,MI,USA,42.324268,-83.399017
249,Garden City,MI,USA,42.325569,-83.330933
250,Meridian,ID,USA,43.612343,-116.393707
251,Roswell,GA,USA,34.022003,-84.361549
252,Johns Creek,GA,USA,34.028927,-84.198578
253,New London,CT,USA,41.355423,-72.102760
254,Hanford,CA,USA,36.327728,-119.645912
255,Saint Charles,MO,USA,38.788105,-90.497437
256,Carrollton,TX,USA,32.974586,-96.889900
257,Stamford,CT,USA,41.053429,-73.538734
258,Ames,IA,USA,42.034534,-93.620369
259,Inglewood,CA,USA,33.961018,-118.355370
260,Maryville,TN,USA,35.760059,-83.966850
261,Charleston,WV,USA,38.349819,-81.632622
262,Las Cruces,NM,USA,32.326595,-106.775436
263,Rochester Hills,MI,USA,42.658516,-83.152725
264,Centennial,CO,USA,39.579231,-104.876694
265,Lompoc,CA,USA,34.639149,-120.457939
266,North Richland Hills,TX,USA,32.834293,-97.228905
267,Lowell,MA,USA,42.640999,-71.316711
268,Round Rock,TX,USA,30.508255,-97.678894
269,Torrance,CA,USA,33.840763,-118.345413
270,Champaign,IL,USA,40.116421,-88.243385
271,Gary,IN,USA,41.595161,-87.356934
272,Port Charlotte,FL,USA,26.979605,-82.075424
273,Cedar Falls,IA,USA,42.534901,-92.445312
274,Great Falls,MT,USA,47.506187,-111.283691
275,Brentwood,TN,USA,36.033115,-86.782776
276,Syracuse,NY,USA,43.088947,-76.154480
277,Grand Saline,TX,USA,32.673466,-95.709404
278,Ponte Vedra Beach,FL,USA,30.240005,-81.385262
279,Abilene,TX,USA,32.448734,-99.733147
280,Valdosta,GA,USA,30.832703,-83.278488
281,The Villages,FL,USA,28.927019,-82.003761
282,Casa Grande,AZ,USA,32.881893,-111.768036
284,Gresham,OR,USA,45.502842,-122.427444
285,Roseville,CA,USA,38.752125,-121.288010
286,Eau Claire,WI,USA,44.811348,-91.498497
287,Lake Charles,LA,USA,30.212942,-93.218910
288,Biloxi,MS,USA,30.396032,-88.885307
289,Perris,CA,USA,33.782520,-117.228645
290,Beaverton,OR,USA,45.485168,-122.804489
291,Mission Viejo,CA,USA,33.600021,-117.671997
292,Madera,CA,USA,36.959530,-120.062866
293,Bend,OR,USA,44.058174,-121.315308
294,Greenville,SC,USA,34.852619,-82.394012
295,North Fort Myers,FL,USA,26.667294,-81.880089
296,Vacaville,CA,USA,38.356579,-121.987747
297,Elgin,IL,USA,42.035408,-88.282570
298,Hyrum,UT,USA,41.632893,-111.851120
299,Cape Canaveral,Florida,USA,28.396837,-80.605659
300,Encinitas,CA,USA,33.039139,-117.295425
301,Ocala,FL,USA,29.187199,-82.140091
302,Fremont,CA,USA,37.548271,-121.988571
303,Gainesville,FL,USA,29.651634,-82.324829
304,Fayetteville,NC,USA,35.052666,-78.878357
306,West Covina,CA,USA,34.068623,-117.938950
307,Pico Rivera,CA,USA,33.983070,-118.096733
308,Haines City,FL,USA,28.114183,-81.617851
309,Joplin,MO,USA,37.084229,-94.513283
310,Rock Hill,SC,USA,34.924866,-81.025078
312,Dearborn,MI,USA,42.322262,-83.176315
313,Newark,NJ,USA,40.735657,-74.172363
314,Pontiac,MI,USA,42.638924,-83.291046
315,Salem,MA,USA,42.519539,-70.896713
316,Chattanooga,TN,USA,35.045631,-85.309677
317,Palmdale,CA,USA,34.579449,-118.109291
318,Redondo Beach,CA,USA,33.849182,-118.388405
319,Tuscaloosa,AL,USA,33.189281,-87.565155
320,Davie,FL,USA,26.076477,-80.252113
321,Hattiesburg,MS,USA,31.327120,-89.290337
322,Victoria,TX,USA,28.798952,-97.028503
323,Casas Adobes,AZ,USA,32.319054,-111.001053
324,Big Spring,TX,USA,32.250992,-101.479073
325,Battle Creek,MI,USA,42.321152,-85.179710
326,Eugene,OR,USA,44.052071,-123.086754
327,Marrero,LA,USA,29.899372,-90.100349
328,Castle Rock,CO,USA,39.374912,-104.853859
329,Old Bridge Township,NJ,USA,40.402714,-74.305428
330,Huntington Beach,CA,USA,33.660057,-117.998970
331,Havertown,PA,USA,39.981461,-75.309387
332,Brea,CA,USA,33.916679,-117.900063
333,Virginia Beach,VA,USA,36.863140,-76.015778
334,Warren,MI,USA,42.491943,-83.023888
335,Anderson,SC,USA,34.503441,-82.650131
336,White Plains,NY,USA,41.033985,-73.762909
337,Lansing,MI,USA,42.732536,-84.555534
338,Bismarck,ND,USA,46.825905,-100.778275
339,Spring,TX,USA,30.085136,-95.425186
340,Kissimmee,FL,USA,28.291956,-81.407570
341,Eden Prairie,MN,USA,44.852463,-93.475113
342,Louisville,KY,USA,38.328732,-85.764771
343,Florence,SC,USA,34.195435,-79.762566
344,Nashua,NH,USA,42.765366,-71.467567
345,Greece,NY,USA,43.209785,-77.693062
346,Bolingbrook,IL,USA,41.698643,-88.068398
347,Midland,TX,USA,32.000507,-102.077408
348,El Cajon,CA,USA,32.794773,-116.962524
349,Chula Vista,CA,USA,32.639954,-117.106705
350,Raleigh,NC,USA,35.787743,-78.644257
351,Tewksbury,MA,USA,42.610649,-71.234222
352,Williamsport,PA,USA,41.242451,-77.002831
353,Olympia,WA,USA,47.037872,-122.900696
354,Alhambra,CA,USA,34.095287,-118.127014
355,Sandy Springs,GA,USA,33.935101,-84.360924
356,Frederick,MD,USA,39.412327,-77.425461
357,Erie,PA,USA,42.129223,-80.085060
358,Mountain View,CA,USA,37.386051,-122.083855
359,Eagle,ID,USA,43.695442,-116.354012
360,Sugar Land,TX,USA,29.619678,-95.634949
361,Jackson,MS,USA,32.298756,-90.184807
362,Harrisburg,PA,USA,40.263680,-76.890739
363,Edina,MN,USA,44.889687,-93.349953
364,Metairie,LA,USA,29.984093,-90.152855
365,Rancho Cordova,CA,USA,38.589073,-121.302727
366,Mobile,AL,USA,30.695366,-88.039894
367,San Diego,CA,USA,32.715736,-117.161087
368,East Peoria,IL,USA,40.666149,-89.580101
369,North Charleston,SC,USA,32.854622,-79.974808
370,Gulfport,MS,USA,30.367420,-89.092819
371,Cherry Hill,NJ,USA,39.926811,-75.024628
372,Cincinnati,OH,USA,39.103119,-84.512016
373,Glendale,CA,USA,34.142509,-118.255074
374,Reading,PA,USA,40.335648,-75.926872
375,Burien,WA,USA,47.470379,-122.346794
376,Largo,FL,USA,27.909468,-82.787323
377,Palm Harbor,FL,USA,28.078072,-82.763710
378,Turlock,CA,USA,37.494656,-120.846596
379,Camilla,GA,USA,31.231293,-84.210464
380,Flagstaff,AZ,USA,35.198284,-111.651299
381,Napa,CA,USA,38.297539,-122.286865
382,Greenwich,CT,USA,41.027054,-73.620071
383,Flower Mound,TX,USA,33.014568,-97.096954
384,Plano,TX,USA,33.019844,-96.698883
385,Atlanta,GA,USA,33.753746,-84.386330
386,Marietta,GA,USA,33.952602,-84.549934
387,Hopkinsville,KY,USA,36.865601,-87.488617
388,Thousand Oaks,CA,USA,34.170563,-118.837593
389,Omaha,NE,USA,41.257160,-95.995102
390,Newark,CA,USA,37.529659,-122.040237
391,Haltom City,TX,USA,32.799576,-97.269180
392,Smithtown,NY,USA,40.855930,-73.200668
393,Burbank,CA,USA,34.180840,-118.308968
394,La Crosse,WI,USA,43.801357,-91.239578
395,Brookfield,WI,USA,43.061615,-88.107948
396,Arden-Arcade,CA,USA,38.600807,-121.377037
397,Mercer Island,WA,USA,47.570656,-122.222069
398,Petaluma,CA,USA,38.244923,-122.626991
399,Yorktown,VA,USA,37.238754,-76.509674
400,Avon,CO,USA,39.633068,-106.522217
401,Weston,FL,USA,26.103039,-80.401382
402,Novato,CA,USA,38.108086,-122.575150
403,Winona,MN,USA,44.049999,-91.633331
404,Auburn,WA,USA,47.307323,-122.228455
405,Murray,UT,USA,40.666893,-111.887993
406,Lehi,UT,USA,40.391617,-111.850769
407,Altadena,CA,USA,34.190163,-118.131317
408,Clovis,CA,USA,36.825230,-119.702919
409,Mohave Valley,AZ,USA,34.933060,-114.588852
410,Dundalk,MD,USA,39.250664,-76.520515
411,Newark,DE,USA,39.683723,-75.749657
412,Gilroy,CA,USA,37.005783,-121.568275
413,St Petersburg,FL,USA,27.773056,-82.639999
414,Doral,FL,USA,25.819542,-80.355331
415,Cheyenne,WY,USA,41.161079,-104.805450
416,Dublin,CA,USA,37.702152,-121.935791
417,Hayward,CA,USA,37.668819,-122.080795
418,Livermore,CA,USA,37.681873,-121.768005
419,St George,UT,USA,37.095169,-113.575974
420,Brownsville,TX,USA,25.901747,-97.497482
421,Centreville,VA,USA,38.840389,-77.428879
422,Tracy,CA,USA,37.739651,-121.425224
423,Fort Collins,CO,USA,40.585258,-105.084419
424,Port Arthur,TX,USA,29.884951,-93.939949
425,Henderson,NV,USA,36.039524,-114.981720
426,Allen,TX,USA,33.103172,-96.670547
427,Redding,CA,USA,40.586540,-122.391678
428,Chico,CA,USA,39.728493,-121.837479
429,DeSoto,TX,USA,32.596287,-96.862679
430,Milpitas,CA,USA,37.432335,-121.899574
431,Flint,MI,USA,43.016193,-83.705521
432,Quincy,MA,USA,42.255459,-71.002579
433,Killeen,TX,USA,31.117119,-97.727798
434,Scranton,PA,USA,41.408970,-75.662415
435,Williston,ND,USA,48.146969,-103.617973
436,Little Rock,AR,USA,34.746483,-92.289597
437,Morgantown,WV,USA,39.629524,-79.955894
438,Scranton,PA,USA,41.414925,-75.669708
439,Dayton,OH,USA,39.758949,-84.191605
440,Norwalk,CA,USA,33.902237,-118.081734
441,Jacksonville,FL,USA,30.490150,-81.647346
442,Friendswood,TX,USA,29.529400,-95.201042
443,Michigan City,IN,USA,41.723541,-86.899284
444,Bangor,ME,USA,44.808147,-68.795013
445,Deerfield Beach,FL,USA,26.329422,-80.088615
446,Hempstead,NY,USA,40.706928,-73.621788
447,Provo,UT,USA,40.233845,-111.658531
448,Birmingham,AL,USA,33.543682,-86.779633
449,Owasso,OK,USA,36.269539,-95.854713
450,Oak Ridge,TN,USA,36.010357,-84.269646
451,Concord,CA,USA,37.989128,-122.043686
452,Titusville,FL,USA,28.612219,-80.807556
453,Jackson,MI,USA,42.245777,-84.405968
454,Canonsburg,PA,USA,40.262569,-80.187279
455,Germantown,MD,USA,39.173161,-77.271652
456,Tarrant,AL,USA,33.589027,-86.768127
457,Minneapolis,MN,USA,44.986656,-93.258133
458,Dana Point,CA,USA,33.466972,-117.698105
459,Wilmington,NC,USA,34.225727,-77.944710
460,Commerce City,CO,USA,39.813019,-104.933510
461,Puyallup,WA,USA,47.185379,-122.292900
462,La Habra,CA,USA,33.931957,-117.946175
463,Norman,OK,USA,35.222569,-97.439476
464,Niagara Falls,NY,USA,43.092461,-79.047150
465,Norwich,CT,USA,41.532227,-72.088852
466,Houston,TX,USA,29.682720,-95.593239
467,Suitland,MD,USA,38.848610,-76.924446
468,Covina,CA,USA,34.090008,-117.890343
469,New Orleans,LA,USA,29.951065,-90.071533
470,Prescott Valley,AZ,USA,34.610023,-112.315720
471,Levittown,NY,USA,40.725933,-73.514290
472,Arvada,CO,USA,39.803261,-105.090408
473,Prichard,AL,USA,30.739180,-88.080482
474,San Tan Valley,AZ,USA,33.170277,-111.572220
475,Livonia,MI,USA,42.368370,-83.352707
476,Conroe,TX,USA,30.311876,-95.456055
477,Marion,IA,USA,42.033279,-91.596893
478,Helena,MT,USA,46.595806,-112.027031
479,Saint Paul,MN,USA,44.953705,-93.089958
480,Irving,TX,USA,32.819595,-96.945419
481,Pomona,CA,USA,34.055103,-117.749992
482,Avondale,AZ,USA,33.435596,-112.349602
483,Portsmouth,VA,USA,36.835426,-76.298271
484,West Lafayette,IN,USA,40.425869,-86.908066
485,Newport Beach,CA,USA,33.628342,-117.927933
486,Ventura,CA,USA,34.274647,-119.229034
487,Meridian,MS,USA,32.364311,-88.703659
488,Springdale,AR,USA,36.186745,-94.128815
489,Palo Alto,CA,USA,37.468319,-122.143936
490,Spokane,WA,USA,47.658779,-117.426048
491,Moreno Valley,CA,USA,33.942467,-117.229675
492,Gilbert,AZ,USA,33.360355,-111.801682
493,Lawton,OK,USA,34.603565,-98.395927
494,Meriden,CT,USA,41.546616,-72.789230
495,Annapolis,MD,USA,38.978443,-76.492180
496,Rochester,NY,USA,43.161030,-77.610924
497,Nacogdoches,TX,USA,31.603514,-94.655487
498,Boston,MA,USA,42.302708,-71.072105
499,Oakton,VA,USA,38.880943,-77.300819
500,Myrtle Beach,SC,USA,33.689060,-78.886696
501,Huntington Park,CA,USA,33.984932,-118.227821
502,Cedar Park,TX,USA,30.505198,-97.820290
503,St. Peters,MO,USA,38.787472,-90.629890
504,Grand Island,NE,USA,40.929077,-98.368149
505,Shawnee,KS,USA,39.022846,-94.715187
506,Glenwood Springs,CO,USA,39.563354,-107.332993
507,Hawthorne,CA,USA,33.919434,-118.353996
508,Buffalo Grove,IL,USA,42.166283,-87.963135
509,Temple,TX,USA,31.105862,-97.353287
510,Silver Spring,MD,USA,38.994373,-77.029778
511,San Diego,CA,USA,32.918476,-117.138237
512,Sunrise Manor,NV,USA,36.211082,-115.073059
513,Manchester,NH,USA,43.008663,-71.454391
514,Baton Rouge,LA,USA,30.471165,-91.147385
515,Bakersfield,CA,USA,35.393528,-119.043732
516,San Juan Capistrano,CA,USA,33.501694,-117.662552
517,San Marcos,TX,USA,29.890661,-97.911530
518,Grand Prairie,TX,USA,32.738773,-97.003098
519,Greeley,CO,USA,40.391537,-104.681168
520,Broomfield,CO,USA,39.920540,-105.086647
521,Boulder,CO,USA,40.014984,-105.270546
522,Ken Caryl,CO,USA,39.575821,-105.112206
523,Westminster,CO,USA,39.842285,-105.043716
524,Arvada,CO,USA,39.802765,-105.087486
525,Costa Mesa,CA,USA,33.641132,-117.918671
526,Santa Monica,Los Angeles,USA,34.024212,-118.496475
527,Santa Clara,CA,USA,37.354107,-121.955238
528,Anchorage,AK,USA,61.217381,-149.863129
529,Ridgecrest,CA,USA,35.633862,-117.679367
530,ID Falls,ID,USA,43.491650,-112.033966
531,Carbondale,IL,USA,37.701206,-89.228210
532,Cape Coral,FL,USA,26.562855,-81.949532
533,Belleville,IL,USA,38.526684,-89.991074
534,Midland,MI,USA,43.618183,-84.234238
535,McKinney,TX,USA,33.214561,-96.614456
536,Lawndale,CA,USA,33.888088,-118.353477
537,Bethesda,MD,USA,38.984653,-77.094711
538,Westlake,OH,USA,41.463310,-81.915436
539,Loveland,CO,USA,40.398857,-105.052643
540,Galesburg,IL,USA,40.953976,-90.362549
541,Jefferson City,MO,USA,38.579575,-92.174782
542,Durham,NC,USA,35.994034,-78.898621
543,Ashland,OR,USA,42.194576,-122.709480
544,Florence,AL,USA,34.799809,-87.677254
545,Tacoma,WA,USA,47.258728,-122.465973
546,Daytona Beach,FL,USA,29.218103,-81.031723
547,Fond du Lac,WI,USA,43.774071,-88.455734
548,Beaumont,TX,USA,30.080173,-94.126556
549,Mansfield,OH,USA,40.763901,-82.503891
550,Frisco,TX,USA,33.155373,-96.818733
551,Cedar Rapids,IA,USA,41.977879,-91.665627
552,Salinas,CA,USA,36.677738,-121.655502
553,Kingman,AZ,USA,35.189442,-114.053009
554,San Clemente,CA,USA,33.426971,-117.611992
555,Billings,MT,USA,45.787636,-108.489304
556,Dunwoody,GA,USA,33.946213,-84.334648
557,Buffalo,NY,USA,42.880230,-78.878738
558,Pensacola,FL,USA,30.433283,-87.240372
559,Denver,CO,USA,39.742043,-104.991531
560,Edmond,OK,USA,35.657295,-97.478256
561,Walnut,CA,USA,34.020290,-117.865341
562,Stratford,CT,USA,41.184540,-73.133163
563,Compton,CA,USA,33.895847,-118.220070
564,Georgetown,TX,USA,30.633263,-97.677986
565,Cooper City,FL,USA,26.057310,-80.271713
566,Carmel,Indiana,USA,39.978371,-86.118042
567,Pearland,TX,USA,29.563902,-95.285110
568,Lakeland,FL,USA,28.039465,-81.949806
569,Lafayette,IN,USA,40.416702,-86.875290
570,Palm Coast,FL,USA,29.584452,-81.207870
571,St Louis,MO,USA,38.627003,-90.199402
572,Everett,WA,USA,47.982567,-122.193375
573,Cleveland,TN,USA,35.159519,-84.876610
574,Lake Forest,CA,USA,33.650066,-117.693100
575,Key West,FL,USA,24.555059,-81.779984
576,Olathe,KS,USA,38.881397,-94.819130
577,Carlsbad,TX,USA,31.604727,-100.640228
578,Roanoke,VA,USA,37.270969,-79.941429
579,Apache Junction,AZ,USA,33.415051,-111.549576
580,West Hartford,CT,USA,41.762085,-72.742012
581,Renton,WA,USA,47.482880,-122.217064
582,Rohnert Park,CA,USA,38.339638,-122.701096
583,Nashville,TN,USA,36.174465,-86.767960
584,Fort Lauderdale,FL,USA,26.122438,-80.137314
585,Pompano Beach,FL,USA,26.247236,-80.106125
586,Winston-Salem,NC,USA,36.099861,-80.244217
587,Sunnyvale,CA,USA,37.368832,-122.036346
588,Shoreline,WA,USA,47.755653,-122.341515
589,Eagan,MN,USA,44.804131,-93.166885
590,Monterey,CA,USA,36.603954,-121.898460
591,Orem,Utah,USA,40.296898,-111.694649
592,Riverside,CA,USA,33.953350,-117.396156
593,Milwaukee,WI,USA,43.038902,-87.906471
594,Iowa City,IA,USA,41.661129,-91.530167
595,Mio,MI,USA,44.652237,-84.129730
596,Burlington,VT,USA,44.475883,-73.212074
597,Gardena,CA,USA,33.893787,-118.307991
598,Lincoln,NE,USA,40.806862,-96.681679
599,Charleston,SC,USA,32.776566,-79.930923
600,Fitchburg,WI,USA,43.002316,-89.424095
601,Bossier City,LA,USA,32.515984,-93.732124
602,Hyattsville,MD,USA,38.955944,-76.945534
603,Destin,FL,USA,30.393534,-86.495781
604,Pueblo,CO,USA,38.276463,-104.604607
605,Aiken,SC,USA,33.566574,-81.719398
606,Greensboro,NC,USA,36.044659,-79.766235
607,Enid,OK,USA,36.395588,-97.878387
608,Seattle,WA,USA,47.608013,-122.335167
609,Port StF Lucie,FL,USA,27.293690,-80.353317
610,Cleveland,OH,USA,41.505493,-81.681290
611,Hartford,CT,USA,41.763710,-72.685097
612,Grand Junction,CO,USA,39.071445,-108.549728
613,Ogdensburg,NY,USA,44.694229,-75.486336
614,Ruston,LA,USA,32.523205,-92.637924
615,Hialeah,FL,USA,25.857595,-80.278107
616,Tucson,AZ,USA,32.253460,-110.911789
617,Poughkeepsie,NY,USA,41.708290,-73.923912
618,Southaven,MS,USA,34.988983,-90.012589
619,Santa Ana,CA,USA,33.745571,-117.867836
620,Mesa,AZ,USA,33.424564,-111.833267
621,Bountiful,UT,USA,40.889389,-111.880768
622,Wichita Falls,TX,USA,33.930828,-98.484879
623,Tulsa,OK,USA,36.153980,-95.992775
624,Texarkana,AR,USA,33.441792,-94.037689
625,Lakewood Township,NJ,USA,40.087528,-74.208183
626,Anaheim,CA,USA,33.835293,-117.914505
627,Mableton,GA,USA,33.818718,-84.582436
628,Milford,CT,USA,41.230698,-73.064034
629,Chicago,IL,USA,41.923122,-87.709290
630,Haverhill,MA,USA,42.776199,-71.077278
631,Brockton,MA,USA,42.083431,-71.018379
632,Duluth,MN,USA,46.786671,-92.100487
633,Wylie,TX,USA,33.015572,-96.536346
634,Oshkosh,WI,USA,44.034294,-88.547745
635,Scottsdale,AZ,USA,33.501324,-111.925278
636,Chandler,AZ,USA,33.307575,-111.844940
637,Fort Lauderdale,FL,USA,26.139412,-80.133591
638,Schaumburg,IL,USA,42.033360,-88.083405
639,Shreveport,LA,USA,32.523659,-93.763504
640,Ozark,AK,USA,35.489746,-93.824272
641,Brookings,SD,USA,44.311356,-96.798386
642,Kingsport,TN,USA,36.548435,-82.561821
643,Huntsville,AL,USA,34.738228,-86.601791
644,Jal,NM,USA,32.113182,-103.193512
645,Vero Beach,FL,USA,27.638643,-80.397270
646,Glendale,AZ,USA,33.548264,-112.191696
647,Carlsbad,CA,USA,33.158092,-117.350594
648,Attleboro,MA,USA,41.944546,-71.285606
649,Santa Maria,CA,USA,34.963623,-120.424576
650,Columbus,IN,USA,39.201439,-85.921379
651,Woodbridge,VA,USA,38.658707,-77.257919
652,Union,NJ,USA,40.702503,-74.261398
653,Moore,OK,USA,35.339508,-97.486702
654,Bowling Green,OH,USA,41.374775,-83.651321
655,Watertown,NY,USA,43.974785,-75.910759
656,Pembroke,MA,USA,42.071491,-70.809196
657,Paso Robles,CA,USA,35.640556,-120.680008
658,El Paso,TX,USA,31.772543,-106.460953
659,Fresno,CA,USA,36.746841,-119.772591
660,Oxford,AL,USA,33.614269,-85.834969
661,South Gate,CA,USA,33.956032,-118.211349
662,Fort Worth,TX,USA,32.768799,-97.309341
663,Methuen,MA,USA,42.726200,-71.190895
664,Farmington,NM,USA,36.733379,-108.213272
665,Paducah,KY,USA,37.086678,-88.604050
666,Los Angeles,CA,USA,33.736061,-118.292244
667,Albuquerque,NM,USA,35.106766,-106.629181
668,Laurel,MD,USA,39.109818,-76.840439
669,Elizabeth,NJ,USA,40.666058,-74.200974
670,Alexandria,VA,USA,38.820450,-77.050552
671,Chino Hills,CA,USA,33.989819,-117.732582
672,Orlando,FL,USA,28.538336,-81.379234
673,Fredericksburg,VA,USA,38.309875,-77.466316
674,Fort Wayne,IN,USA,41.093842,-85.139236
675,Wichita,KS,USA,37.697948,-97.314835
676,Peoria,Il,USA,40.703545,-89.579086
677,Lancaster,PA,USA,40.044437,-76.306229
678,Chester,PA,USA,39.853886,-75.358658
679,Baltimore,MD,USA,39.299236,-76.609383
680,Manassas Park,VA,USA,38.784225,-77.459450
681,Chicago,IL,USA,41.881832,-87.623177
682,Bemidji,MN,USA,47.481018,-94.888229
683,New York City,NY,USA,40.730610,-73.935242
684,Clinton,MD,USA,38.768005,-76.897087
685,Savannah,GA,USA,32.076176,-81.088371
686,La Puente,CA,USA,34.020012,-117.949509
687,Minnetonka,MN,USA,44.921185,-93.468750
688,Cedar City,UT,USA,37.680492,-113.061722
689,Allentown,PA,USA,40.610306,-75.477104
690,Elizabeth City,NC,USA,36.302952,-76.245804
691,Pocahontas,AK,USA,36.264206,-90.961990
692,Chicopee,MA,USA,42.155258,-72.600060
693,Broken Arrow,OK,USA,36.056561,-95.783516
694,Los Angeles,CA,USA,34.052235,-118.243683
695,Sacramento,CA,USA,38.590576,-121.489906
696,Bellingham,WA,USA,48.769768,-122.485886
697,Fullerton,CA,USA,33.876118,-117.921410
698,Honolulu,HI,USA,21.315603,-157.858093
699,Sarasota,FL,USA,27.341274,-82.528267
700,Downey,CA,USA,33.945068,-118.128090
701,Clearwater,FL,USA,27.972572,-82.796745
702,Bowie,MD,USA,39.013313,-76.776924
703,Pompano Beach,FL,USA,26.243540,-80.122948
704,Kalamazoo,MI,USA,42.299152,-85.591736
705,Federal Way,WA,USA,47.322323,-122.312622
706,Enid,OK,USA,36.395588,-97.878387
707,Palm Bay,FL,USA,28.040169,-80.594330
708,Las Vegas,NV,USA,36.114647,-115.172813
709,Saratoga,CA,USA,37.266949,-122.025146
710,Redlands,CA,USA,34.055569,-117.182541
711,Brick,NJ,USA,40.060272,-74.139343
712,Henderson,KY,USA,37.840427,-87.578888
713,Ontario,CA,USA,34.068871,-117.651215
714,Fresno,TX,USA,29.540457,-95.448189
715,Mount Juliet,TN,USA,36.200928,-86.519737
716,Independence,MO,USA,39.091118,-94.415504
717,Lebanon,IN,USA,40.052059,-86.470642
718,Hyattsville,MD,USA,38.956341,-76.941719
719,Salem,OR,USA,44.944099,-123.040283
720,Rio Rancho,NM,USA,35.226997,-106.675461
721,Calhoun,GA,USA,34.501690,-84.939697
722,Charlotte,NC,USA,35.227085,-80.843124
723,Needham,MA,USA,42.280930,-71.237755
724,Charleston,SC,USA,32.784618,-79.940918
725,Stockton,CA,USA,37.961632,-121.275604
726,Beaumont,TX,USA,30.081987,-94.118637
727,Oxnard,CA,USA,34.196411,-119.170898
728,Leawood,KS,USA,38.966675,-94.616898
729,Perrysburg,OH,USA,41.568916,-83.640564
730,Santa Fe,NM,USA,35.691544,-105.944183
731,Post Falls,ID,USA,47.712257,-116.948364
732,Lubbock,TX,USA,33.576698,-101.855072
733,Topeka,KS,USA,39.056198,-95.695312
734,Santa Rosa,CA,USA,38.444660,-122.720306
735,St Cloud,FL,USA,28.248901,-81.281181
736,Menifee,CA,USA,33.680984,-117.170700
737,Longview,TX,USA,32.514885,-94.737236
738,Sacramento,CA,USA,38.575764,-121.478851
739,Reno,NV,USA,39.530895,-119.814972
740,Simi Valley,CA,USA,34.269447,-118.781479
741,Colorado Springs,CO,USA,38.846127,-104.800644
742,Hermiston,OR,USA,45.845543,-119.292641
743,Scranton,PA,USA,41.411835,-75.665245
744,Laredo,TX,USA,27.506748,-99.502914
745,Brainerd,MN,USA,46.355934,-94.201408
746,Colton,CA,USA,34.075127,-117.309090
747,Bayonne,NJ,USA,40.668713,-74.114311
748,New City,NY,USA,41.147594,-73.989304
749,Fort Myers,FL,USA,26.640629,-81.872307
750,Richfield,MN,USA,44.883244,-93.286240
751,Allentown,PA,USA,40.613953,-75.477791
752,Seminole,TX,USA,32.719276,-102.644661
753,Georgetown,SC,USA,33.373474,-79.288521
754,Greenwood,IN,USA,39.614944,-86.105606
755,Chesapeake,VA,USA,36.779591,-76.288376
756,Marco Island,FL,USA,25.940556,-81.714722
757,Spanish Fork,UT,USA,40.114956,-111.654922
758,Corpus Christi,TX,USA,27.800583,-97.396378
759,Wooster,OH,USA,40.720200,-81.874237
760,Pittsburgh,PA,USA,40.440624,-79.995888
761,Newport,TN,USA,35.964279,-83.182152
762,Baytown,TX,USA,29.733303,-94.978134
763,Lambertville,NJ,USA,40.365940,-74.942947
764,Vallejo,CA,USA,38.104088,-122.256638
765,Oklahoma City,OK,USA,35.481918,-97.508469
766,Highland Park,IL,USA,42.190166,-87.786697
767,Mentor,OH,USA,41.659576,-81.372299
768,St Joseph,MO,USA,39.766853,-94.834152
769,Rolla,MO,USA,37.951424,-91.768959
770,Mill Valley,CA,USA,37.905182,-122.544006
771,Elizabethton,TN,USA,36.352879,-82.207649
772,Naperville,IL,USA,41.748489,-88.186111
773,Cartersville,GA,USA,34.166080,-84.800613
774,Denton,TX,USA,33.214840,-97.133064
775,Salt Lake City,UH,USA,40.758701,-111.876183
776,Suffolk,VA,USA,36.732830,-76.579002
777,Garden City Park,NY,USA,40.740364,-73.662727
778,Gloster,LA,USA,32.190994,-93.814903
779,Knoxville,TN,USA,35.964668,-83.926453
780,York,PN,USA,39.962303,-76.727692
781,Bloomington,CA,USA,34.069725,-117.396210
782,Saint Paul,MN,USA,44.954445,-93.091301
783,Toledo,OH,USA,41.651031,-83.541939
784,Hobart,IN,USA,41.529140,-87.250328
785,Lawrenceville,GA,USA,33.957245,-83.988441
786,Mukilteo,WA,USA,47.947079,-122.303864
787,Gatlinburg,TN,USA,35.714321,-83.510391
788,Maysville,KY,USA,38.641186,-83.744362
789,Ann Arbor,MI,USA,42.279594,-83.732124
790,Cranberry Township,PA,USA,40.682201,-80.104919
791,Anderson,IN,USA,40.109589,-85.676964
792,San Francisco,CA,USA,37.773972,-122.431297
793,New Lenox,IL,USA,41.511921,-87.963577
794,Fort Mitchell,AL,USA,32.341537,-85.021599
795,Oakdale,MN,USA,44.963219,-92.964417
796,Springfield,VA,USA,38.788612,-77.174316
797,Boise,ID,USA,43.618881,-116.215019
798,Oyster Bay,NY,USA,40.865635,-73.532326
799,Franklinton,LA,USA,30.847425,-90.154503
800,Hollywood,FL,USA,26.011280,-80.142967
801,Stafford,VA,USA,38.422932,-77.407997
802,Chelmsford,MA,USA,42.598713,-71.363625
803,Pekin,IL,USA,40.568459,-89.643028
804,Albany,NY,USA,42.652580,-73.756233
805,San Antonio,TX,USA,29.424349,-98.491142
806,Uvalde,TX,USA,29.209684,-99.786171
807,Detroit,MI,USA,42.331429,-83.045753
808,Carthage,MS,USA,32.732635,-89.536179
809,Plankinton,SD,USA,43.714790,-98.484451
810,Alliance,OH,USA,40.915337,-81.105934
811,Concord,NC,USA,35.408752,-80.579514
812,Trenton,NJ,USA,40.217052,-74.742935
813,Columbus,MS,USA,33.495674,-88.427261
814,Lakewood,WA,USA,47.171764,-122.518456
815,Yuba City,CA,USA,39.136986,-121.607841
816,Brighton,IL,USA,39.039055,-90.140678
817,Massillon,OH,USA,40.787819,-81.519585
818,Atlantic Highlands,NJ,USA,40.413757,-74.041245
819,Decorah,IA,USA,43.303307,-91.785706
820,Southfield,MI,USA,42.475136,-83.221275
821,San Francisco,CA,USA,37.733795,-122.446747
822,Richfield,UT,USA,38.769287,-112.088409
823,Anderson,TX,USA,30.487400,-95.987228
824,Durango,CO,USA,37.270500,-107.878700